species,class,order,family,panth_bodymass_g,aa_bodymass_g,kup_AdultMass,AT_bodymass_g,mean_long,diel,logage
Abrocoma_bennettii,Mammalia,Rodentia,Abrocomidae,250.5,NA,265.5,NA,27.6,NOC,3.3178157727231046
Acanthiza_reguloides,Aves,Passeriformes,Acanthizidae,NA,NA,NA,7.4,114,DIU,4.736198448394496
Acanthophis_antarcticus,Reptilia,Squamata,Elapidae,NA,NA,384,NA,111.6,NOC,4.71492104994721
Accipiter_gentilis,Aves,Accipitriformes,Accipitridae,NA,NA,1044.2,NA,264,DIU,5.575949103146316
Acrobates_pygmaeus,Mammalia,Diprotodontia,Acrobatidae,13.84,14,13,8.9,96,NOC,4.564348191467836
Acrocephalus_arundinaceus,Aves,Passeriformes,Acrocephalidae,NA,21.9,30,26.9,121.2,DIU,4.797442073635214
Acrocephalus_palustris,Aves,Passeriformes,Acrocephalidae,NA,10.8,11.5,NA,117.6,DIU,4.767289035464526
Acrocephalus_schoenobaenus,Aves,Passeriformes,Acrocephalidae,NA,11.5,11.8,NA,141.6,DIU,4.953006181259619
Acrocephalus_scirpaceus,Aves,Passeriformes,Acrocephalidae,NA,NA,12.3,NA,202.8,DIU,5.312220271717028
Actinemys_marmorata,Reptilia,Testudines,Emydidae,NA,NA,282,NA,327.6,DIU,5.791793351978915
Actitis_macularius,Aves,Charadriiformes,Scolopacidae,NA,NA,34,NA,144,DIU,4.969813299576001
Aechmophorus_occidentalis,Aves,Podicipediformes,Podicipedidae,NA,NA,1475.5,NA,168,DIU,5.123963979403259
Aegithalos_caudatus,Aves,Passeriformes,Aegithalidae,NA,8.9,8.6,NA,133.2,DIU,4.891851758106289
Aegolius_acadicus,Aves,Strigiformes,Strigidae,NA,124,117.9,NA,210,NOC,5.3471075307174685
Aegotheles_cristatus,Aves,Apodiformes,Aegothelidae,NA,NA,NA,45,70.8,NOC,4.259859000699674
Aepyprymnus_rufescens,Mammalia,Diprotodontia,Potoroidae,2810.31,2820,3250,2256.5,124.8,NOC,4.826712455935327
Aethia_pusilla,Aves,Charadriiformes,Alcidae,NA,NA,96,NA,97.2,DIU,4.576770711466393
Agalychnis_spurrelli,Amphibia,Anura,Phyllomedusidae,NA,NA,NA,NA,66,NOC,4.189654742026425
Agapornis_lilianae,Aves,Psittaciformes,Psittacidae,NA,NA,37.3,NA,230.4,DIU,5.439816928821736
Agapornis_taranta,Aves,Psittaciformes,Psittacidae,NA,NA,57.5,NA,175.2,DIU,5.165928178502291
Agelaius_phoeniceus,Aves,Passeriformes,Icteridae,NA,NA,56.7,NA,240,DIU,5.480638923341991
Agkistrodon_contortrix,Reptilia,Squamata,Viperidae,NA,NA,950,NA,357.6,ARR,5.8794150432993595
Ailuroedus_melanotis,Aves,Passeriformes,Ptilonorhynchidae,NA,NA,NA,NA,124.8,DIU,4.826712455935327
Ailuropoda_melanoleuca,Mammalia,Carnivora,Ursidae,117999.99,NA,117500,NA,400.8,CRE,5.993462549770655
Aix_sponsa,Aves,Anseriformes,Anatidae,NA,448,452.8,NA,270,DIU,5.598421958998375
Alauda_arvensis,Aves,Passeriformes,Alaudidae,NA,31.7,37.5,NA,121.2,DIU,4.797442073635214
Alectura_lathami,Aves,Galliformes,Megapodiidae,NA,NA,2340,2300,150,DIU,5.0106352940962555
Alligator_mississippiensis,Reptilia,Crocodilia,Alligatoridae,NA,1079,150000,134850,924,NOC,6.828712071641684
Alligator_sinensis,Reptilia,Crocodilia,Alligatoridae,NA,NA,10750,NA,780,NOC,6.659293919683638
Amazilia_yucatanensis,Aves,Apodiformes,Trochilidae,NA,NA,3.9,NA,134.4,DIU,4.900820428089049
Ambystoma_gracile,Amphibia,Caudata,Ambystomatidae,NA,NA,NA,NA,122.4,NOC,4.807294370078226
Ambystoma_mexicanum,Amphibia,Caudata,Ambystomatidae,NA,NA,NA,NA,204,NOC,5.318119993844216
Ambystoma_opacum,Amphibia,Caudata,Ambystomatidae,NA,NA,NA,NA,135.6,NOC,4.909709375506295
Ameiva_ameiva,Reptilia,Squamata,Teiidae,NA,NA,68,NA,55.2,DIU,4.01096295328305
Ammodramus_caudacutus,Aves,Passeriformes,Emberizidae,NA,NA,16.5,NA,120,DIU,4.787491742782046
Ammodramus_maritimus,Aves,Passeriformes,Emberizidae,NA,NA,20,NA,108,DIU,4.68213122712422
Ammodramus_nelsoni,Aves,Passeriformes,Emberizidae,NA,NA,15.2,NA,85.2,DIU,4.44500143383527
Ammodramus_savannarum,Aves,Passeriformes,Passerellidae,NA,13.8,17.6,NA,109.2,DIU,4.693181063310805
Amphisbaena_alba,Reptilia,Squamata,Amphisbaenidae,NA,NA,210,NA,181.2,NOC,5.199601393608879
Amphiuma_means,Amphibia,Caudata,Amphiumidae,NA,199,200.967,NA,324,NOC,5.780743515792329
Anas_platyrhynchos,Aves,Anseriformes,Anatidae,NA,1020,1048.1,NA,349.2,DIU,5.855644823965447
Andrias_japonicus,Amphibia,Caudata,Cryptobranchidae,NA,NA,26000,NA,264,NOC,5.575949103146316
Anguis_fragilis,Reptilia,Squamata,Anguidae,NA,NA,11.655,NA,648,DIU,6.473890696352274
Anhinga_anhinga,Aves,Suliformes,Anhingidae,NA,1040,1080,NA,196.8,DIU,5.282187984618153
Anodorhynchus_hyacinthinus,Aves,Psittaciformes,Psittacidae,NA,NA,1330,NA,465.6,DIU,6.1433268964172285
Anodorhynchus_leari,Aves,Psittaciformes,Psittacidae,NA,NA,940,NA,459.6,DIU,6.130356545974601
Anolis_carolinensis,Reptilia,Squamata,Dactyloidae,NA,NA,2.455,NA,86.4,DIU,4.45898767581001
Anous_minutus,Aves,Charadriiformes,Laridae,NA,NA,110.4,100.1,325.2,DIU,5.784440377673656
Anser_anser,Aves,Anseriformes,Anatidae,NA,NA,3308.5,NA,372,DIU,5.918893854273146
Anthus_pratensis,Aves,Passeriformes,Motacillidae,NA,18.9,18.4,NA,157.2,DIU,5.057518879995106
Anthus_rubescens,Aves,Passeriformes,Motacillidae,NA,NA,20.8,NA,61.2,DIU,4.11414718951828
Antilocapra_americana,Mammalia,Artiodactyla,Antilocapridae,47450.01,34779.3,46100,NA,174,ARR,5.159055299214529
Antrozous_pallidus,Mammalia,Chiroptera,Vespertilionidae,22.24,22,20.8,NA,143.4,NOC,4.96563792816552
Apalone_ferox,Reptilia,Testudines,Trionychidae,NA,NA,23463,NA,314.4,DIU,5.7506660605550515
Apteryx_australis,Aves,Apterygiformes,Apterygidae,NA,2380,2600,2341.666667,420,NOC,6.040254711277414
Apus_apus,Aves,Apodiformes,Apodidae,NA,44.9,37.6,NA,253.2,DIU,5.534179690270021
Ara_chloropterus,Aves,Psittaciformes,Psittacidae,NA,NA,1220,NA,601.2,DIU,6.3989276578788195
Archilochus_alexandri,Aves,Apodiformes,Trochilidae,NA,NA,3,3.05,134.4,DIU,4.900820428089049
Ardea_herodias,Aves,Pelecaniformes,Ardeidae,NA,NA,1870,NA,294,ARR,5.683579767338681
Arizona_elegans,Reptilia,Squamata,Colubridae,NA,NA,2189,NA,229.2,NOC,5.434594984840585
Artamus_cyanopterus,Aves,Passeriformes,Artamidae,NA,NA,NA,35,98.4,DIU,4.589040804058207
Artibeus_jamaicensis,Mammalia,Chiroptera,Phyllostomidae,43.63,46.1,42.2,37.5,175.2,NOC,5.165928178502291
Ascaphus_truei,Amphibia,Anura,Ascaphidae,NA,NA,NA,NA,168,NOC,5.123963979403259
Asio_otus,Aves,Strigiformes,Strigidae,NA,252,249.7,NA,333.6,NOC,5.809942670484592
Aspidites_melanocephalus,Reptilia,Squamata,Pythonidae,NA,NA,6107,1027.5,271.2,NOC,5.60285655606624
Ateles_fusciceps,Mammalia,Primates,Atelidae,9067.94,NA,7000,NA,420,DIU,6.040254711277414
Atherurus_africanus,Mammalia,Rodentia,Hystricidae,2875.65,NA,2750,3629,274.8,NOC,5.616043560348194
Aythya_affinis,Aves,Anseriformes,Anatidae,NA,NA,787,NA,219.6,DIU,5.391807709635375
Baeolophus_inornatus,Aves,Passeriformes,Paridae,NA,NA,15.9,NA,108,DIU,4.68213122712422
Baeolophus_wollweberi,Aves,Passeriformes,Paridae,NA,NA,10.4,NA,79.2,DIU,4.37197629882038
Balaeniceps_rex,Aves,Pelecaniformes,Balaenicipitidae,NA,NA,5984,NA,428.4,DIU,6.060057338573594
Balearica_regulorum,Aves,Gruiformes,Gruidae,NA,NA,3372,NA,326.4,DIU,5.788123623089952
Basiliscus_plumifrons,Reptilia,Squamata,Corytophanidae,NA,NA,66.2,NA,156,DIU,5.049856007249537
Basiliscus_vittatus,Reptilia,Squamata,Corytophanidae,NA,NA,60.87,NA,109.2,DIU,4.693181063310805
Batagur_baska,Reptilia,Testudines,Geoemydidae,NA,NA,17900,NA,260.4,NOC,5.562218910334414
Bitis_arietans,Reptilia,Squamata,Viperidae,NA,NA,2381,NA,189.6,NOC,5.244916589820922
Blanus_cinereus,Reptilia,Squamata,Blanidae,NA,NA,NA,NA,192,DIU,5.2574953720277815
Boa_constrictor,Reptilia,Squamata,Boidae,NA,3532,3532,1829,484.8,NOC,6.1837364347551045
Boiga_irregularis,Reptilia,Squamata,Colubridae,NA,NA,4748,NA,157.2,NOC,5.057518879995106
Bombina_bombina,Amphibia,Anura,Bombinatoridae,NA,NA,5.9,NA,240,DIU,5.480638923341991
Bombina_orientalis,Amphibia,Anura,Bombinatoridae,NA,NA,13.1,NA,189.6,NOC,5.244916589820922
Bombina_variegata,Amphibia,Anura,Bombinatoridae,NA,NA,6.77,NA,348,DIU,5.8522024797744745
Bombycilla_cedrorum,Aves,Passeriformes,Bombycillidae,NA,NA,30,NA,98.4,DIU,4.589040804058207
Bombycilla_garrulus,Aves,Passeriformes,Bombycillidae,NA,72.5,54.5,NA,162,DIU,5.087596335232384
Bonasa_umbellus,Aves,Galliformes,Phasianidae,NA,644,532,NA,132,DIU,4.882801922586371
Bothriechis_schlegelii,Reptilia,Squamata,Viperidae,NA,NA,NA,NA,234,NOC,5.455321115357702
Brachylophus_fasciatus,Reptilia,Squamata,Iguanidae,NA,NA,170.175,NA,70.8,DIU,4.259859000699674
Bubalornis_albirostris,Aves,Passeriformes,Ploceidae,NA,NA,61.9,NA,240,DIU,5.480638923341991
Bubo_bubo,Aves,Strigiformes,Strigidae,NA,NA,2686,NA,816,NOC,6.704414354964107
Bufo_bufo,Amphibia,Anura,Bufonidae,NA,NA,164.75,NA,480,NOC,6.173786103901937
Bungarus_fasciatus,Reptilia,Squamata,Elapidae,NA,NA,3113,NA,158.4,NOC,5.0651234793803255
Burhinus_oedicnemus,Aves,Charadriiformes,Burhinidae,NA,NA,459,NA,214.8,NOC,5.36970736263471
Buteo_lagopus,Aves,Accipitriformes,Accipitridae,NA,NA,980.64,NA,225.6,DIU,5.418763519623904
Cacatua_galerita,Aves,Psittaciformes,Psittacidae,NA,776.1,800,728,684,DIU,6.52795791762255
Cacatua_sulphurea,Aves,Psittaciformes,Psittacidae,NA,NA,340,NA,596.4,DIU,6.390911582890583
Caiman_crocodilus,Reptilia,Crocodilia,Alligatoridae,NA,NA,10900,NA,480,NOC,6.173786103901937
Caiman_latirostris,Reptilia,Crocodilia,Alligatoridae,NA,NA,14600,NA,696,NOC,6.54534966033442
Calamospiza_melanocorys,Aves,Passeriformes,Passerellidae,NA,NA,32.6,32.6,57.6,DIU,4.053522567701846
Calcarius_lapponicus,Aves,Passeriformes,Calcariidae,NA,NA,28.35,NA,72,DIU,4.276666119016055
Calidris_himantopus,Aves,Charadriiformes,Scolopacidae,NA,NA,57.3,NA,133.2,DIU,4.891851758106289
Callithrix_jacchus,Mammalia,Primates,Callitrichidae,290.21,190,255.2,204.8571429,237.6,DIU,5.47058858748849
Calotes_versicolor,Reptilia,Squamata,Agamidae,NA,NA,20.04,NA,60,DIU,4.0943445622221
Calotriton_asper,Amphibia,Caudata,Salamandridae,NA,NA,7.1,NA,312,NOC,5.7430031878094825
Caluromys_philander,Mammalia,Didelphimorphia,Didelphidae,246.47,NA,350,277,91.4,NOC,4.515245478460105
Calypte_anna,Aves,Apodiformes,Trochilidae,NA,4.8,4.4,NA,102,DIU,4.624972813284271
Calypte_costae,Aves,Apodiformes,Trochilidae,NA,NA,3.1,NA,72,DIU,4.276666119016055
Candoia_carinata,Reptilia,Squamata,Candoiidae,NA,NA,NA,NA,199.2,NOC,5.294309345150498
Canis_lupus,Mammalia,Carnivora,Canidae,31756.51,NA,26625,22680,300.6,ARR,5.705780477318874
Caprimulgus_vociferus,Aves,Caprimulgiformes,Caprimulgidae,NA,NA,54,NA,180,NOC,5.19295685089021
Capromys_pilorides,Mammalia,Rodentia,Capromyidae,5200,2630,4683.3,155,150.8,DIU,5.015954455573856
Caracara_plancus,Aves,Falconiformes,Falconidae,NA,NA,1348,NA,451.2,DIU,6.1119107001838495
Cardinalis_cardinalis,Aves,Passeriformes,Cardinalidae,NA,41,42.6,NA,342,DIU,5.834810737062605
Caretta_caretta,Reptilia,Testudines,Cheloniidae,NA,NA,156500,NA,924,ARR,6.828712071641684
Carettochelys_insculpta,Reptilia,Testudines,Carettochelyidae,NA,NA,16275,NA,460.8,ARR,6.132964109381682
Carpodacus_erythrinus,Aves,Passeriformes,Fringillidae,NA,21.6,24,NA,108,DIU,4.68213122712422
Casarea_dussumieri,Reptilia,Squamata,Bolyeriidae,NA,NA,NA,NA,213.6,NOC,5.36410510708604
Castor_canadensis,Mammalia,Rodentia,Castoridae,18124.41,NA,20250,5005,230.4,NOC,5.439816928821736
Cathartes_aura,Aves,Accipitriformes,Cathartidae,NA,NA,2200,494,249.6,DIU,5.519859636495273
Catharus_bicknelli,Aves,Passeriformes,Turdidae,NA,NA,27.5,NA,142.8,DIU,4.9614450499054845
Catharus_fuscescens,Aves,Passeriformes,Turdidae,NA,NA,28.8,NA,121.2,DIU,4.797442073635214
Catharus_guttatus,Aves,Passeriformes,Turdidae,NA,NA,27.8,29.07,129.6,DIU,4.864452783918174
Catharus_minimus,Aves,Passeriformes,Turdidae,NA,NA,24.8,NA,87.6,DIU,4.472780997942346
Catharus_ustulatus,Aves,Passeriformes,Turdidae,NA,NA,27.9,NA,132,DIU,4.882801922586371
Causus_rhombeatus,Reptilia,Squamata,Viperidae,NA,NA,308,NA,79.2,ARR,4.37197629882038
Cavia_porcellus,Mammalia,Rodentia,Caviidae,727.99,639.1,728,359.0009091,160.8,CRE,5.080161356744866
Cebus_albifrons,Mammalia,Primates,Cebidae,2509.68,NA,2467.5,1620,506.4,DIU,6.227326870829966
Centrocercus_urophasianus,Aves,Galliformes,Phasianidae,NA,NA,1929.5,NA,84,DIU,4.430816798843313
Ceratophrys_cornuta,Amphibia,Anura,Ceratophryidae,NA,NA,130,NA,123.6,NOC,4.817050545023591
Ceratophrys_ornata,Amphibia,Anura,Ceratophryidae,NA,NA,NA,NA,176.4,NOC,5.172754143572691
Ceratotherium_simum,Mammalia,Perissodactyla,Rhinocerotidae,2285939.43,NA,2175000,NA,570,ARR,6.345636360828596
Cercartetus_nanus,Mammalia,Diprotodontia,Burramyidae,26.85,64.8,40,12,109.8,NOC,4.69866052907543
Certhia_familiaris,Aves,Passeriformes,Certhiidae,NA,NA,9.1,NA,98.4,DIU,4.589040804058207
Cervus_nippon,Mammalia,Artiodactyla,Cervidae,52999.99,NA,42000,NA,310.32,NOC,5.737604023131712
Chaetura_pelagica,Aves,Apodiformes,Apodidae,NA,NA,22.8,NA,180,DIU,5.19295685089021
Chalcides_ocellatus,Reptilia,Squamata,Scincidae,NA,NA,39.1,NA,168,ARR,5.123963979403259
Charina_bottae,Reptilia,Squamata,Charinidae,NA,NA,NA,NA,318,CRE,5.762051382780177
Chasiempis_sandwichensis,Aves,Passeriformes,Monarchidae,NA,NA,15,NA,213.6,DIU,5.36410510708604
Chelodina_longicollis,Reptilia,Testudines,Chelidae,NA,NA,1293,NA,444,DIU,6.095824562432225
Chelonia_mydas,Reptilia,Testudines,Cheloniidae,NA,NA,160000,91170,900,ARR,6.802394763324311
Chelydra_serpentina,Reptilia,Testudines,Chelydridae,NA,NA,10250,4299,564,CRE,6.335054251498059
Chilomeniscus_stramineus,Reptilia,Squamata,Colubridae,NA,NA,6,NA,48,NOC,3.871201010907891
Chinchilla_lanigera,Mammalia,Rodentia,Chinchillidae,480.28,436.7,642.5,426,171,NOC,5.14166355650266
Chlamydosaurus_kingii,Reptilia,Squamata,Agamidae,NA,NA,449.125,NA,118.8,DIU,4.777441406928545
Choloepus_hoffmanni,Mammalia,Pilosa,Megalonychidae,5893.5,4005.2,6250,5048,438.6,NOC,6.083587835983788
Chondestes_grammacus,Aves,Passeriformes,Passerellidae,NA,NA,27.1,NA,93.6,DIU,4.539030383483547
Chondrodactylus_bibronii,Reptilia,Squamata,Gekkonidae,NA,NA,12.8,NA,73.2,NOC,4.293195420967266
Chordeiles_minor,Aves,Caprimulgiformes,Caprimulgidae,NA,72,79.3,NA,120,NOC,4.787491742782046
Chrysemys_picta,Reptilia,Testudines,Emydidae,NA,400,371.8,NA,732,DIU,6.595780513961311
Cinclus_cinclus,Aves,Passeriformes,Cinclidae,NA,NA,61.7,NA,127.2,DIU,4.845760650906022
Circaetus_gallicus,Aves,Accipitriformes,Accipitridae,NA,NA,1699.5,NA,207.6,DIU,5.335613151291733
Circus_aeruginosus,Aves,Accipitriformes,Accipitridae,NA,NA,711.5,NA,241.2,DIU,5.485626464853031
Circus_cyaneus,Aves,Accipitriformes,Accipitridae,NA,NA,392,NA,205.2,CRE,5.323985113296614
Clangula_hyemalis,Aves,Anseriformes,Anatidae,NA,NA,872,NA,272.4,DIU,5.607271574275357
Clelia_clelia,Reptilia,Squamata,Colubridae,NA,NA,NA,NA,138,ARR,4.927253685157205
Clemmys_guttata,Reptilia,Testudines,Emydidae,NA,NA,165.4,2163,612,DIU,6.416732282512326
Climacteris_picumnus,Aves,Passeriformes,Climacteridae,NA,NA,NA,31.8,166.8,DIU,5.116795489924646
Coccothraustes_coccothraustes,Aves,Passeriformes,Fringillidae,NA,NA,56.6,NA,151.2,DIU,5.018603463745433
Coccyzus_americanus,Aves,Cuculiformes,Cuculidae,NA,NA,57.8,NA,60,DIU,4.0943445622221
Coleonyx_variegatus,Reptilia,Squamata,Eublepharidae,NA,NA,4.56,3.62,182.4,NOC,5.206202077640231
Colinus_virginianus,Aves,Galliformes,Odontophoridae,NA,NA,194,194,76.8,DIU,4.341204640153626
Colius_striatus,Aves,Coliiformes,Coliidae,NA,NA,51,NA,138,DIU,4.927253685157205
Colluricincla_harmonica,Aves,Passeriformes,Pachycephalidae,NA,NA,NA,67.6,177.6,DIU,5.17953383055807
Coluber_constrictor,Reptilia,Squamata,Colubridae,NA,NA,1594.5,NA,120,DIU,4.787491742782046
Columba_livia,Aves,Columbiformes,Columbidae,NA,NA,358.7,264.5,420,DIU,6.040254711277414
Conraua_goliath,Amphibia,Anura,Conrauidae,NA,NA,3250,NA,70.8,NOC,4.259859000699674
Contopus_cooperi,Aves,Passeriformes,Tyrannidae,NA,NA,32.8,NA,133.2,DIU,4.891851758106289
Contopus_sordidulus,Aves,Passeriformes,Tyrannidae,NA,NA,12.8,NA,97.2,DIU,4.576770711466393
Contopus_virens,Aves,Passeriformes,Tyrannidae,NA,13.9,13.9,NA,98.4,DIU,4.589040804058207
Coracias_caudatus,Aves,Coraciiformes,Coraciidae,NA,NA,108,NA,164.4,DIU,5.10230248262208
Coracina_novaehollandiae,Aves,Passeriformes,Campephagidae,NA,NA,NA,115,108,DIU,4.68213122712422
Coracopsis_vasa,Aves,Psittaciformes,Psittacidae,NA,NA,525,NA,646.8,DIU,6.472037127702952
Coragyps_atratus,Aves,Accipitriformes,Cathartidae,NA,NA,2270,NA,306,DIU,5.723585101952381
Corallus_hortulanus,Reptilia,Squamata,Boidae,NA,NA,NA,NA,180,NOC,5.19295685089021
Cordylus_cataphractus,Reptilia,Squamata,Cordylidae,NA,NA,NA,NA,242.4,DIU,5.490589254195159
Cordylus_cordylus,Reptilia,Squamata,Cordylidae,NA,NA,NA,NA,187.2,DIU,5.232177564043492
Cordylus_warreni,Reptilia,Squamata,Cordylidae,NA,NA,NA,NA,237.6,DIU,5.47058858748849
Corvus_corax,Aves,Passeriformes,Corvidae,NA,1203,1041.2,866,828,DIU,6.71901315438526
Corvus_corone,Aves,Passeriformes,Corvidae,NA,518,472.7,NA,230.4,DIU,5.439816928821736
Corvus_coronoides,Aves,Passeriformes,Corvidae,NA,NA,645,634.4,270,DIU,5.598421958998375
Corytophanes_cristatus,Reptilia,Squamata,Corytophanidae,NA,NA,43.4,NA,85.2,DIU,4.44500143383527
Coturnix_japonica,Aves,Galliformes,Phasianidae,NA,NA,115,115,72,DIU,4.276666119016055
Cricetomys_emini,Mammalia,Rodentia,Nesomyidae,1280,NA,1300,NA,88.8,NOC,4.486386649998124
Crocodylus_acutus,Reptilia,Crocodilia,Crocodylidae,NA,NA,76700,134000,564,NOC,6.335054251498059
Crocodylus_intermedius,Reptilia,Crocodilia,Crocodylidae,NA,NA,107900,NA,492,NOC,6.198478716492308
Crocodylus_moreletii,Reptilia,Crocodilia,Crocodylidae,NA,NA,38500,NA,304.8,NOC,5.7196558238124915
Crocodylus_niloticus,Reptilia,Crocodilia,Crocodylidae,NA,NA,94200,NA,672,NOC,6.5102583405231496
Crocodylus_palustris,Reptilia,Crocodilia,Crocodylidae,NA,NA,42700,NA,528,NOC,6.269096283706261
Crocodylus_rhombifer,Reptilia,Crocodilia,Crocodylidae,NA,NA,57500,NA,576,NOC,6.3561076606958915
Crocodylus_siamensis,Reptilia,Crocodilia,Crocodylidae,NA,NA,42500,NA,588,NOC,6.376726947898627
Crocuta_crocuta,Mammalia,Carnivora,Hyaenidae,63369.98,NA,63000,62370,493.2,NOC,6.200914771290189
Crotalus_durissus,Reptilia,Squamata,Viperidae,NA,NA,1150,NA,237.6,ARR,5.47058858748849
Cryptobranchus_alleganiensis,Amphibia,Caudata,Cryptobranchidae,NA,358,358.1,NA,348,NOC,5.8522024797744745
Ctenodactylus_gundi,Mammalia,Rodentia,Ctenodactylidae,288.41,NA,288.8,NA,69.6,DIU,4.242764567340374
Cuculus_canorus,Aves,Cuculiformes,Cuculidae,NA,111.6,111.5,128,154.8,DIU,5.042133961155627
Cuniculus_paca,Mammalia,Rodentia,Cuniculidae,8172.55,9156,9000,5635,193.8,NOC,5.266826699456666
Cuora_trifasciata,Reptilia,Testudines,Geoemydidae,NA,NA,NA,NA,381.6,DIU,5.944372939574132
Cyanocitta_cristata,Aves,Passeriformes,Corvidae,NA,NA,80.8,NA,314.4,DIU,5.7506660605550515
Cygnus_olor,Aves,Anseriformes,Anatidae,NA,NA,8300,NA,480,DIU,6.173786103901937
Cynanthus_latirostris,Aves,Apodiformes,Trochilidae,NA,NA,3.3,NA,105.6,DIU,4.659658371272161
Daboia_russelii,Reptilia,Squamata,Viperidae,NA,NA,1306,NA,180,NOC,5.19295685089021
Daphoenositta_chrysoptera,Aves,Passeriformes,Neosittidae,NA,NA,NA,11.8,82.8,DIU,4.416428061391214
Dasyprocta_punctata,Mammalia,Rodentia,Dasyproctidae,2309.12,NA,2150,3786,142.8,DIU,4.9614450499054845
Dasypus_novemcinctus,Mammalia,Cingulata,Dasypodidae,3949.01,3413.7,5500,2743.5,223.8,NOC,5.4107527958778245
Daubentonia_madagascariensis,Mammalia,Primates,Daubentoniidae,2731.37,NA,2277.5,2800,339.6,NOC,5.827768454437193
Deirochelys_reticularia,Reptilia,Testudines,Emydidae,NA,NA,910.5,NA,288,DIU,5.662960480135946
Dendroaspis_polylepis,Reptilia,Squamata,Elapidae,NA,NA,30758,NA,314.4,DIU,5.7506660605550515
Dendrobates_auratus,Amphibia,Anura,Dendrobatidae,NA,NA,NA,NA,246,DIU,5.5053315359323625
Dendrobates_leucomelas,Amphibia,Anura,Dendrobatidae,NA,NA,NA,NA,138,DIU,4.927253685157205
Dendrocopos_leucotos,Aves,Piciformes,Picidae,NA,NA,117,NA,190.8,DIU,5.251225759014186
Dendrocopos_major,Aves,Piciformes,Picidae,NA,NA,75.1,NA,152.4,DIU,5.026508643252546
Dendrocopos_medius,Aves,Piciformes,Picidae,NA,NA,59,NA,111.6,DIU,4.71492104994721
Dendrocygna_autumnalis,Aves,Anseriformes,Anatidae,NA,NA,828,NA,98.4,ARR,4.589040804058207
Dendromus_melanotis,Mammalia,Rodentia,Nesomyidae,9.1,NA,7.4,NA,50.4,NOC,3.919991175077323
Dermatemys_mawii,Reptilia,Testudines,Dermatemydidae,NA,NA,12500,NA,135.6,NOC,4.909709375506295
Dermochelys_coriacea,Reptilia,Testudines,Dermochelyidae,NA,NA,420000,NA,360,ARR,5.886104031450156
Dermophis_mexicanus,Amphibia,Gymnophiona,Dermophiidae,NA,NA,NA,NA,165.6,NOC,5.109575241951159
Desmognathus_monticola,Amphibia,Caudata,Plethodontidae,NA,NA,8.2,NA,212.4,NOC,5.358471289367784
Desmognathus_ochrophaeus,Amphibia,Caudata,Plethodontidae,NA,NA,0.6,NA,237.6,NOC,5.47058858748849
Desmognathus_quadramaculatus,Amphibia,Caudata,Plethodontidae,NA,14.1,14.34,NA,180,NOC,5.19295685089021
Dicrostonyx_groenlandicus,Mammalia,Rodentia,Cricetidae,58.44,56.8,66,55.42,39.6,DIU,3.6788291182604347
Didelphis_virginiana,Mammalia,Didelphimorphia,Didelphidae,2442.08,2846.6,3000,2797,69.6,NOC,4.242764567340374
Dinodon_rufozonatum,Reptilia,Squamata,Colubridae,NA,NA,NA,NA,164.4,NOC,5.10230248262208
Dinomys_branickii,Mammalia,Rodentia,Dinomyidae,12500,NA,12250,NA,133.2,NOC,4.891851758106289
Dipodomys_heermanni,Mammalia,Rodentia,Heteromyidae,63.08,63.3,65,NA,64.2,NOC,4.162003210695915
Dipsosaurus_dorsalis,Reptilia,Squamata,Iguanidae,NA,69.5,69.5,NA,175.2,DIU,5.165928178502291
Dispholidus_typus,Reptilia,Squamata,Colubridae,NA,NA,NA,NA,104.4,DIU,4.648229675448539
Dolichonyx_oryzivorus,Aves,Passeriformes,Icteridae,NA,NA,35,NA,108,DIU,4.68213122712422
Dolichotis_patagonum,Mammalia,Rodentia,Caviidae,8000,NA,12500,NA,170.4,DIU,5.138148614395216
Drymarchon_corais,Reptilia,Squamata,Colubridae,NA,NA,7118,NA,310.8,DIU,5.739149618493492
Dryocopus_martius,Aves,Piciformes,Picidae,NA,NA,321,NA,168,DIU,5.123963979403259
Dugong_dugon,Mammalia,Sirenia,Dugongidae,295000,NA,360000,NA,858,NOC,6.754604099487962
Dumetella_carolinensis,Aves,Passeriformes,Mimidae,NA,NA,34.5,33,214.8,DIU,5.36970736263471
Echinops_telfairi,Mammalia,Afrosoricida,Tenrecidae,152.25,116.4,180,87.5,192,NOC,5.2574953720277815
Echis_carinatus,Reptilia,Squamata,Viperidae,NA,NA,142,NA,285.6,NOC,5.654592230465429
Eidolon_helvum,Mammalia,Chiroptera,Pteropodidae,254.61,NA,306.25,NA,261.795,NOC,5.56756175474491
Elephantulus_rufescens,Mammalia,Macroscelidea,Macroscelididae,52.78,53,58,53,83.4,DIU,4.423648309364701
Elephas_maximus,Mammalia,Proboscidea,Elephantidae,3269794.34,3672000,3178000,NA,957.6,DIU,6.864430154243763
Elgaria_kingii,Reptilia,Squamata,Anguidae,NA,NA,10,NA,147.6,DIU,4.994505912166372
Elgaria_multicarinata,Reptilia,Squamata,Anguidae,NA,31.5,31.5,NA,117.6,DIU,4.767289035464526
Emberiza_citrinella,Aves,Passeriformes,Emberizidae,NA,26.8,29.7,NA,158.4,DIU,5.0651234793803255
Emberiza_hortulana,Aves,Passeriformes,Emberizidae,NA,27,19.9,NA,81.6,DIU,4.401829261970061
Emberiza_schoeniclus,Aves,Passeriformes,Emberizidae,NA,17.6,18.4,NA,146.4,DIU,4.986342601527212
Empidonax_minimus,Aves,Passeriformes,Tyrannidae,NA,NA,10,NA,96,DIU,4.564348191467836
Empidonax_traillii,Aves,Passeriformes,Tyrannidae,NA,NA,12.6,NA,132,DIU,4.882801922586371
Emydoidea_blandingii,Reptilia,Testudines,Emydidae,NA,NA,1162,NA,924,ARR,6.828712071641684
Eopsaltria_australis,Aves,Passeriformes,Petroicidae,NA,NA,NA,19.55,176.4,DIU,5.172754143572691
Eos_squamata,Aves,Psittaciformes,Psittacidae,NA,NA,NA,NA,198,DIU,5.288267030694535
Epomophorus_gambianus,Mammalia,Chiroptera,Pteropodidae,134.59,NA,80,309,93.6,NOC,4.539030383483547
Eptesicus_fuscus,Mammalia,Chiroptera,Vespertilionidae,17.49,13.3,23,NA,234,NOC,5.455321115357702
Equus_caballus,Mammalia,Perissodactyla,Equidae,403598.53,NA,300000,NA,714,ARR,6.570882962339584
Eremophila_alpestris,Aves,Passeriformes,Alaudidae,NA,26,33.5,NA,96,DIU,4.564348191467836
Erinaceus_europaeus,Mammalia,Erinaceomorpha,Erinaceidae,777.95,1213.5,750,722.7,154.2,CRE,5.038250461129229
Erithacus_rubecula,Aves,Passeriformes,Muscicapidae,NA,17.6,17.3,NA,231.6,DIU,5.4450117456988405
Eryx_johnii,Reptilia,Squamata,Erycidae,NA,NA,NA,NA,292.8,NOC,5.679489782087156
Eschrichtius_robustus,Mammalia,Cetacea,Eschrichtiidae,27324024.19,NA,28500000,NA,924,ARR,6.828712071641684
Eublepharis_macularius,Reptilia,Squamata,Eublepharidae,NA,NA,NA,NA,342,NOC,5.834810737062605
Eugenes_fulgens,Aves,Apodiformes,Trochilidae,NA,NA,8.1,7.9,132,DIU,4.882801922586371
Eurypyga_helias,Aves,Eurypygiformes,Eurypygidae,NA,NA,210,NA,180,DIU,5.19295685089021
Falco_columbarius,Aves,Falconiformes,Falconidae,NA,NA,195,NA,152.4,DIU,5.026508643252546
Falco_mexicanus,Aves,Falconiformes,Falconidae,NA,NA,858,NA,206.4,DIU,5.329816033607408
Falco_naumanni,Aves,Falconiformes,Falconidae,NA,NA,152.5,NA,130.8,DIU,4.873669439023098
Falco_peregrinus,Aves,Falconiformes,Falconidae,NA,NA,840,715,300,DIU,5.703782474656201
Falco_rusticolus,Aves,Falconiformes,Falconidae,NA,NA,1406.5,NA,162,DIU,5.087596335232384
Falco_tinnunculus,Aves,Falconiformes,Falconidae,NA,NA,184,NA,285.6,DIU,5.654592230465429
Falcunculus_frontatus,Aves,Passeriformes,Pachycephalidae,NA,NA,NA,28,142.8,DIU,4.9614450499054845
Farancia_abacura,Reptilia,Squamata,Colubridae,NA,NA,NA,NA,228,NOC,5.429345628954441
Ficedula_hypoleuca,Aves,Passeriformes,Muscicapidae,NA,11.7,13.9,NA,180,DIU,5.19295685089021
Fossa_fossana,Mammalia,Carnivora,Eupleridae,1853.98,2260,1540,NA,194.4,NOC,5.2699178920263385
Fregata_magnificens,Aves,Suliformes,Fregatidae,NA,NA,1078,NA,408,DIU,6.0112671744041615
Fringilla_coelebs,Aves,Passeriformes,Fringillidae,NA,21,20.7,NA,348,DIU,5.8522024797744745
Fringilla_montifringilla,Aves,Passeriformes,Fringillidae,NA,21,23.2,NA,177.6,DIU,5.17953383055807
Fulica_atra,Aves,Gruiformes,Rallidae,NA,412,734.3,661,247.2,DIU,5.510197725583535
Fulmarus_glacialis,Aves,Procellariiformes,Procellariidae,NA,NA,908,NA,612,ARR,6.416732282512326
Galea_musteloides,Mammalia,Rodentia,Caviidae,386.64,322,337.9,NA,31.8,DIU,3.459466289786131
Gallus_gallus,Aves,Galliformes,Phasianidae,NA,2710,779.8,NA,360,DIU,5.886104031450156
Gastrophryne_carolinensis,Amphibia,Anura,Microhylidae,NA,NA,2.59,NA,81.6,NOC,4.401829261970061
Gavia_immer,Aves,Gaviiformes,Gaviidae,NA,NA,3405,NA,289.2,DIU,5.66711849028461
Gavialis_gangeticus,Reptilia,Crocodilia,Gavialidae,NA,NA,153000,NA,708,NOC,6.56244409369372
Genetta_genetta,Mammalia,Carnivora,Viverridae,1756.17,NA,1866.7,NA,340.2,NOC,5.829533679961761
Geocapromys_brownii,Mammalia,Rodentia,Capromyidae,1497.48,2456,1500,NA,130.8,NOC,4.873669439023098
Geochelone_elegans,Reptilia,Testudines,Testudinidae,NA,NA,4225,NA,291.6,DIU,5.675383000134503
Geothlypis_trichas,Aves,Passeriformes,Parulidae,NA,10.6,9.5,NA,138,DIU,4.927253685157205
Gerrhosaurus_major,Reptilia,Squamata,Cordylidae,NA,NA,NA,NA,288,DIU,5.662960480135946
Glyptemys_insculpta,Reptilia,Testudines,Emydidae,NA,NA,968.2,NA,720,DIU,6.579251212010101
Glyptemys_muhlenbergii,Reptilia,Testudines,Emydidae,NA,NA,132.1,NA,480,DIU,6.173786103901937
Gonatodes_albogularis,Reptilia,Squamata,Sphaerodactylidae,NA,NA,1.865,NA,67.2,DIU,4.207673247529104
Gopherus_agassizii,Reptilia,Testudines,Testudinidae,NA,NA,2784,NA,753.6,DIU,6.624861723262153
Grallina_cyanoleuca,Aves,Passeriformes,Monarchidae,NA,NA,NA,88,145.2,DIU,4.978112102390695
Grus_canadensis,Aves,Gruiformes,Gruidae,NA,NA,3890,NA,439.2,DIU,6.084954890195321
Gyps_fulvus,Aves,Accipitriformes,Accipitridae,NA,NA,7436,NA,496.8,DIU,6.208187530619269
Gyrinophilus_porphyriticus,Amphibia,Caudata,Plethodontidae,NA,NA,NA,NA,222,NOC,5.402677381872279
Haematopus_bachmani,Aves,Charadriiformes,Haematopodidae,NA,NA,670,NA,192,DIU,5.2574953720277815
Heloderma_suspectum,Reptilia,Squamata,Helodermatidae,NA,NA,553.41,514,346.8,ARR,5.848748244906387
Hemidactylus_turcicus,Reptilia,Squamata,Gekkonidae,NA,NA,2.53,NA,100.8,NOC,4.613138355637268
Hemitheconyx_caudicinctus,Reptilia,Squamata,Eublepharidae,NA,NA,NA,NA,194.4,NOC,5.2699178920263385
Heosemys_spinosa,Reptilia,Testudines,Geoemydidae,NA,NA,950,NA,274.8,DIU,5.616043560348194
Heterocephalus_glaber,Mammalia,Rodentia,Bathyergidae,39.36,35.3,35,NA,246,CRE,5.5053315359323625
Heterodon_nasicus,Reptilia,Squamata,Colubridae,NA,NA,NA,NA,237.6,DIU,5.47058858748849
Himantopus_himantopus,Aves,Charadriiformes,Recurvirostridae,NA,NA,161,174.4,192,DIU,5.2574953720277815
Hippolais_icterina,Aves,Passeriformes,Acrocephalidae,NA,12.5,13.2,NA,129.6,DIU,4.864452783918174
Hippolais_polyglotta,Aves,Passeriformes,Acrocephalidae,NA,NA,11,NA,106.8,DIU,4.6709579265260945
Hippopotamus_amphibius,Mammalia,Artiodactyla,Hippopotamidae,1536310.4,NA,3750000,NA,694.2,NOC,6.542760103427686
Hirundo_rustica,Aves,Passeriformes,Hirundinidae,NA,18,18.3,19.83333333,192,DIU,5.2574953720277815
Homo_sapiens,Mammalia,Primates,Hominidae,58540.63,70000,62035,NA,1470,DIU,7.293017679772782
Hoplobatrachus_occipitalis,Amphibia,Anura,Dicroglossidae,NA,NA,48.1,NA,130.8,ARR,4.873669439023098
Hoplomys_gymnurus,Mammalia,Rodentia,Echimyidae,281.42,NA,504,NA,84,NOC,4.430816798843313
Hydrobates_pelagicus,Aves,Procellariiformes,Hydrobatidae,NA,NA,25.2,NA,405.6,ARR,6.005367452276974
Hydrochoerus_hydrochaeris,Mammalia,Rodentia,Caviidae,48144.91,26385,55000,NA,162.6,CRE,5.0912931971137105
Hyla_arborea,Amphibia,Anura,Hylidae,NA,NA,9.5,NA,264,NOC,5.575949103146316
Hyla_chrysoscelis,Amphibia,Anura,Hylidae,NA,NA,11.2,NA,93.6,NOC,4.539030383483547
Hyla_gratiosa,Amphibia,Anura,Hylidae,NA,NA,NA,NA,150,NOC,5.0106352940962555
Hyla_japonica,Amphibia,Anura,Hylidae,NA,NA,4.1,NA,106.8,NOC,4.6709579265260945
Hyla_squirella,Amphibia,Anura,Hylidae,NA,NA,2.88,NA,102,NOC,4.624972813284271
Hyla_versicolor,Amphibia,Anura,Hylidae,NA,6.97,7.2,13.15,93.6,NOC,4.539030383483547
Hylocichla_mustelina,Aves,Passeriformes,Turdidae,NA,NA,43.3,NA,122.4,DIU,4.807294370078226
Hynobius_nebulosus,Amphibia,Caudata,Hynobiidae,NA,NA,4.4,NA,170.4,NOC,5.138148614395216
Hystrix_africaeaustralis,Mammalia,Rodentia,Hystricidae,14936.02,11300,24000,14936,258.6,NOC,5.555282466337757
Icteria_virens,Aves,Passeriformes,Parulidae,NA,NA,26,NA,106.8,DIU,4.6709579265260945
Icterus_galbula,Aves,Passeriformes,Icteridae,NA,37.5,32.9,NA,168,DIU,5.123963979403259
Icterus_parisorum,Aves,Passeriformes,Icteridae,NA,NA,36.2,NA,76.8,DIU,4.341204640153626
Isoodon_macrourus,Mammalia,Peramelemorphia,Peramelidae,1505.77,1551,1600,822,58.8,NOC,4.074141854904581
Jaculus_jaculus,Mammalia,Rodentia,Dipodidae,59.8,75,55,NA,79.8,NOC,4.379523504455763
Junco_hyemalis,Aves,Passeriformes,Passerellidae,NA,18,19,19.995,135.6,DIU,4.909709375506295
Jynx_torquilla,Aves,Piciformes,Picidae,NA,NA,35,NA,120,DIU,4.787491742782046
Kaloula_pulchra,Amphibia,Anura,Microhylidae,NA,NA,NA,NA,132,NOC,4.882801922586371
Kogia_breviceps,Mammalia,Cetacea,Kogiidae,431500,NA,424600,NA,204,ARR,5.318119993844216
Laemanctus_longipes,Reptilia,Squamata,Corytophanidae,NA,NA,NA,NA,184.8,DIU,5.2192741592075835
Lagopus_lagopus,Aves,Galliformes,Phasianidae,NA,567,595.875,541,108,DIU,4.68213122712422
Lagostomus_maximus,Mammalia,Rodentia,Chinchillidae,4660.94,6794,6000,NA,121.2,NOC,4.797442073635214
Lagurus_lagurus,Mammalia,Rodentia,Cricetidae,20.6,NA,20.3,NA,45.6,NOC,3.8199077165203406
Lalage_leucomela,Aves,Passeriformes,Campephagidae,NA,NA,NA,NA,57.6,DIU,4.053522567701846
Lama_glama,Mammalia,Artiodactyla,Camelidae,78322.67,115000,140000,115000,343.2,DIU,5.838313367613807
Lampornis_clemenciae,Aves,Apodiformes,Trochilidae,NA,NA,7.6,8.15,144,DIU,4.969813299576001
Lampropeltis_pyromelana,Reptilia,Squamata,Colubridae,NA,NA,432,NA,268.8,DIU,5.5939676086489944
Lamprophis_fuliginosus,Reptilia,Squamata,Colubridae,NA,NA,NA,NA,108,NOC,4.68213122712422
Lanius_collurio,Aves,Passeriformes,Laniidae,NA,27,28.4,NA,121.2,DIU,4.797442073635214
Lanius_excubitor,Aves,Passeriformes,Laniidae,NA,72.4,63.5,NA,144,DIU,4.969813299576001
Lanius_senator,Aves,Passeriformes,Laniidae,NA,NA,36,NA,68.4,DIU,4.225372824628505
Larus_canus,Aves,Charadriiformes,Laridae,NA,431,430.6,NA,404.4,DIU,6.0024044871463165
Laudakia_stellio,Reptilia,Squamata,Agamidae,NA,NA,NA,NA,72,DIU,4.276666119016055
Leipoa_ocellata,Aves,Galliformes,Megapodiidae,NA,NA,NA,2000,61.2,DIU,4.11414718951828
Lemmus_lemmus,Mammalia,Rodentia,Cricetidae,67.62,80,70,NA,31.8,ARR,3.459466289786131
Lemur_catta,Mammalia,Primates,Lemuridae,2626.48,NA,2555,2055,403.8,DIU,6.000919705878737
Leptodactylus_pentadactylus,Amphibia,Anura,Leptodactylidae,NA,NA,415,NA,225.6,NOC,5.418763519623904
Liasis_fuscus,Reptilia,Squamata,Pythonidae,NA,NA,10592,1306.9,321.6,NOC,5.773308537304811
Litoria_caerulea,Amphibia,Anura,Hylidae,NA,NA,NA,NA,240,DIU,5.480638923341991
Lonchura_striata,Aves,Passeriformes,Estrildidae,NA,10.3,12.3,NA,120,DIU,4.787491742782046
Loxia_curvirostra,Aves,Passeriformes,Fringillidae,NA,39.4,39.5,NA,193.2,DIU,5.263725921778417
Loxocemus_bicolor,Reptilia,Squamata,Loxocemidae,NA,NA,NA,NA,393.6,NOC,5.975335165178098
Loxodonta_africana,Mammalia,Proboscidea,Elephantidae,3824539.93,NA,4800000,NA,870,ARR,6.76849321164863
Lullula_arborea,Aves,Passeriformes,Alaudidae,NA,25.5,26.9,NA,72,DIU,4.276666119016055
Luscinia_megarhynchos,Aves,Passeriformes,Muscicapidae,NA,NA,19.7,NA,130.8,DIU,4.873669439023098
Luscinia_svecica,Aves,Passeriformes,Muscicapidae,NA,NA,17.3,NA,136.8,DIU,4.918520005188451
Macaca_mulatta,Mammalia,Primates,Cercopithecidae,6455.19,NA,8235,5045,456,DIU,6.1224928095143865
Macrochelys_temminckii,Reptilia,Testudines,Chelydridae,NA,NA,58500,NA,843.6,NOC,6.73767844860462
Macropus_eugenii,Mammalia,Diprotodontia,Macropodidae,5278.48,4796,6500,4425,174.6,NOC,5.162497643405501
Macrotus_californicus,Mammalia,Chiroptera,Phyllostomidae,11.83,11.7,11.6,NA,164.4,NOC,5.10230248262208
Macrovipera_lebetina,Reptilia,Squamata,Viperidae,NA,NA,1306,NA,159.6,ARR,5.072670685015709
Malacochersus_tornieri,Reptilia,Testudines,Testudinidae,NA,NA,391.25,NA,310.8,DIU,5.739149618493492
Malayemys_subtrijuga,Reptilia,Testudines,Geoemydidae,NA,NA,NA,NA,170.4,DIU,5.138148614395216
Malurus_melanocephalus,Aves,Passeriformes,Maluridae,NA,NA,NA,7.3,92.4,DIU,4.526126978647638
Manorina_melanocephala,Aves,Passeriformes,Meliphagidae,NA,NA,NA,68,148.8,DIU,5.002603122398992
Mantella_aurantiaca,Amphibia,Anura,Mantellidae,NA,NA,NA,NA,130.8,DIU,4.873669439023098
Masticophis_flagellum,Reptilia,Squamata,Colubridae,NA,NA,NA,NA,242.4,DIU,5.490589254195159
Mauremys_caspica,Reptilia,Testudines,Geoemydidae,NA,NA,NA,NA,211.2,DIU,5.352805551832106
Mauremys_reevesii,Reptilia,Testudines,Geoemydidae,NA,NA,858,NA,290.4,DIU,5.671259282950641
Megaderma_lyra,Mammalia,Chiroptera,Megadermatidae,39.27,NA,38.6,NA,168,NOC,5.123963979403259
Megaptera_novaeangliae,Mammalia,Cetacea,Balaenopteridae,30000000.01,NA,30000000,NA,1140,ARR,7.038783541388542
Megascops_asio,Aves,Strigiformes,Strigidae,NA,166,164.1,NA,248.4,NOC,5.515040350059324
Mehelya_capensis,Reptilia,Squamata,Colubridae,NA,NA,NA,NA,130.8,NOC,4.873669439023098
Melanerpes_erythrocephalus,Aves,Piciformes,Picidae,NA,NA,75,NA,120,DIU,4.787491742782046
Melanerpes_uropygialis,Aves,Piciformes,Picidae,NA,NA,65,NA,132,DIU,4.882801922586371
Melanodryas_cucullata,Aves,Passeriformes,Petroicidae,NA,NA,NA,20.9,115.2,DIU,4.746669748261791
Melanosuchus_niger,Reptilia,Crocodilia,Alligatoridae,NA,NA,82000,NA,480,NOC,6.173786103901937
Meleagris_gallopavo,Aves,Galliformes,Phasianidae,NA,NA,6050,NA,156,DIU,5.049856007249537
Meles_meles,Mammalia,Carnivora,Mustelidae,11884.03,11050,13000,NA,208.8,NOC,5.341376856008484
Melithreptus_lunatus,Aves,Passeriformes,Meliphagidae,NA,NA,NA,14.15,147.6,DIU,4.994505912166372
Melopsittacus_undulatus,Aves,Psittaciformes,Psittacidae,NA,25.2,30,32.5,252,DIU,5.529429087511423
Melospiza_georgiana,Aves,Passeriformes,Passerellidae,NA,14.9,16.1,NA,93.6,DIU,4.539030383483547
Melospiza_lincolnii,Aves,Passeriformes,Passerellidae,NA,NA,17.35,NA,91.2,DIU,4.513054897080286
Melospiza_melodia,Aves,Passeriformes,Passerellidae,NA,19.1,22.7,19.8,135.6,DIU,4.909709375506295
Menura_novaehollandiae,Aves,Passeriformes,Menuridae,NA,NA,NA,967,214.8,DIU,5.36970736263471
Mephitis_mephitis,Mammalia,Carnivora,Mephitidae,2399.99,NA,3500,1886.666667,160.9,NOC,5.080783053998338
Mesocricetus_auratus,Mammalia,Rodentia,Cricetidae,98.6,108.2,105,NA,83.4,NOC,4.423648309364701
Microcebus_murinus,Mammalia,Primates,Cheirogaleidae,69,NA,64.8,54,202.2,NOC,5.309257306586371
Microhyla_ornata,Amphibia,Anura,Microhylidae,NA,NA,1.65,NA,60,NOC,4.0943445622221
Micrurus_fulvius,Reptilia,Squamata,Elapidae,NA,NA,682,NA,228,DIU,5.429345628954441
Mimus_polyglottos,Aves,Passeriformes,Mimidae,NA,NA,53,NA,240,DIU,5.480638923341991
Mniotilta_varia,Aves,Passeriformes,Parulidae,NA,8.2,10.9,NA,146.4,DIU,4.986342601527212
Momotus_momota,Aves,Coraciiformes,Momotidae,NA,NA,133,NA,243.6,DIU,5.495527535835742
Monodelphis_domestica,Mammalia,Didelphimorphia,Didelphidae,93.45,104,105,NA,66.6,NOC,4.198704577546343
Morelia_viridis,Reptilia,Squamata,Pythonidae,NA,NA,3113,NA,247.2,NOC,5.510197725583535
Motacilla_alba,Aves,Passeriformes,Motacillidae,NA,18,24.1,NA,164.4,DIU,5.10230248262208
Motacilla_cinerea,Aves,Passeriformes,Motacillidae,NA,NA,17.2,NA,96,DIU,4.564348191467836
Motacilla_flava,Aves,Passeriformes,Motacillidae,NA,14.7,17.7,NA,105.6,DIU,4.659658371272161
Mus_musculus,Mammalia,Rodentia,Muridae,19.3,18,20.5,32.1,60,NOC,4.0943445622221
Muscicapa_striata,Aves,Passeriformes,Muscicapidae,NA,14.4,15.9,NA,141.6,DIU,4.953006181259619
Mycteria_americana,Aves,Ciconiiformes,Ciconiidae,NA,NA,2500,NA,324,ARR,5.780743515792329
Myioborus_pictus,Aves,Passeriformes,Parulidae,NA,NA,9.75,NA,79.2,DIU,4.37197629882038
Myocastor_coypus,Mammalia,Rodentia,Myocastoridae,6361.55,NA,7850,NA,186,NOC,5.225746673713202
Myoprocta_acouchy,Mammalia,Rodentia,Dasyproctidae,954.87,914,775,914,148.8,DIU,5.002603122398992
Myotis_lucifugus,Mammalia,Chiroptera,Vespertilionidae,7.8,5.8,10,NA,408,NOC,6.0112671744041615
Myrmecobius_fasciatus,Mammalia,Dasyuromorphia,Myrmecobiidae,511.44,438.2,471.5,402.7,102,DIU,4.624972813284271
Myrmecophaga_tridactyla,Mammalia,Pilosa,Myrmecophagidae,29531.83,30600,28500,30600,342,DIU,5.834810737062605
Mystacina_tuberculata,Mammalia,Chiroptera,Mystacinidae,13.14,NA,23.5,NA,91.2,NOC,4.513054897080286
Naja_naja,Reptilia,Squamata,Elapidae,NA,NA,NA,NA,387.6,ARR,5.959973880016611
Nandinia_binotata,Mammalia,Carnivora,Nandiniidae,2167.2,4270,1900,NA,237,NOC,5.4680601411351315
Necrosyrtes_monachus,Aves,Accipitriformes,Accipitridae,NA,NA,NA,NA,255.6,DIU,5.5436137225033795
Necturus_maculosus,Amphibia,Caudata,Proteidae,NA,NA,220.1,NA,408,NOC,6.0112671744041615
Nerodia_sipedon,Reptilia,Squamata,Colubridae,NA,NA,NA,NA,115.2,ARR,4.746669748261791
Nestor_notabilis,Aves,Psittaciformes,Psittacidae,NA,NA,867.5,NA,564,ARR,6.335054251498059
Nomascus_leucogenys,Mammalia,Primates,Hylobatidae,7320,NA,6000,NA,529.2,DIU,6.271366432240801
Notechis_scutatus,Reptilia,Squamata,Elapidae,NA,NA,NA,NA,169.2,ARR,5.1310814471721224
Notophthalmus_viridescens,Amphibia,Caudata,Salamandridae,NA,NA,3.9,NA,300,DIU,5.703782474656201
Nycticebus_coucang,Mammalia,Primates,Lorisidae,924.55,1128.6,890.5,627.75,313.8,NOC,5.748755840298932
Nymphicus_hollandicus,Aves,Psittaciformes,Psittacidae,NA,NA,90,88.15,420,DIU,6.040254711277414
Oceanodroma_castro,Aves,Procellariiformes,Hydrobatidae,NA,NA,42,NA,432,NOC,6.068425588244111
Ochotona_princeps,Mammalia,Lagomorpha,Ochotonidae,157.63,109,100,NA,84,DIU,4.430816798843313
Oedura_marmorata,Reptilia,Squamata,Diplodactylidae,NA,NA,15.4,NA,254.4,NOC,5.538907831465967
Oenanthe_oenanthe,Aves,Passeriformes,Muscicapidae,NA,NA,25,NA,121.2,DIU,4.797442073635214
Okapia_johnstoni,Mammalia,Artiodactyla,Giraffidae,230001.14,NA,225000,NA,399,DIU,5.988961416889864
Ophisaurus_ventralis,Reptilia,Squamata,Anguidae,NA,NA,23.715,32.17,177.6,DIU,5.17953383055807
Oplurus_cyclurus,Reptilia,Squamata,Opluridae,NA,NA,NA,NA,111.6,DIU,4.71492104994721
Oreoica_gutturalis,Aves,Passeriformes,Oreoicidae,NA,NA,NA,63.3,60,DIU,4.0943445622221
Ornithorhynchus_anatinus,Mammalia,Monotremata,Ornithorhynchidae,1484.25,1030.3,1250,1320,267.6,CRE,5.589493328254074
Ortalis_vetula,Aves,Galliformes,Cracidae,NA,NA,495.5,NA,105.6,DIU,4.659658371272161
Orthonyx_spaldingii,Aves,Passeriformes,Orthonychidae,NA,NA,NA,149.2,198,DIU,5.288267030694535
Orycteropus_afer,Mammalia,Tubulidentata,Orycteropodidae,56175.2,48000,60000,48000,322.8,NOC,5.777032936395794
Osteolaemus_tetraspis,Reptilia,Crocodilia,Crocodylidae,NA,NA,40000,NA,840,NOC,6.733401891837359
Osteopilus_septentrionalis,Amphibia,Anura,Hylidae,NA,NA,NA,NA,154.8,NOC,5.042133961155627
Otus_flammeolus,Aves,Strigiformes,Strigidae,NA,NA,55.5,NA,97.2,NOC,4.576770711466393
Otus_scops,Aves,Strigiformes,Strigidae,NA,NA,92,13.4,82.8,NOC,4.416428061391214
Oxybelis_aeneus,Reptilia,Squamata,Colubridae,NA,NA,1359,NA,182.4,DIU,5.206202077640231
Oxyuranus_scutellatus,Reptilia,Squamata,Elapidae,NA,NA,8110.5,NA,187.2,ARR,5.232177564043492
Pachycephala_rufiventris,Aves,Passeriformes,Pachycephalidae,NA,NA,NA,22.6,182.4,DIU,5.206202077640231
Pachymedusa_dacnicolor,Amphibia,Anura,Hylidae,NA,NA,NA,NA,104.4,NOC,4.648229675448539
Palea_steindachneri,Reptilia,Testudines,Trionychidae,NA,NA,NA,NA,492,DIU,6.198478716492308
Paleosuchus_palpebrosus,Reptilia,Crocodilia,Alligatoridae,NA,NA,5900,NA,289.2,NOC,5.66711849028461
Paleosuchus_trigonatus,Reptilia,Crocodilia,Alligatoridae,NA,NA,7500,NA,480,NOC,6.173786103901937
Pandion_haliaetus,Aves,Accipitriformes,Pandionidae,NA,NA,1362,NA,384,DIU,5.950642552587727
Pardalotus_punctatus,Aves,Passeriformes,Pardalotidae,NA,NA,NA,8.4,48,DIU,3.871201010907891
Pardalotus_striatus,Aves,Passeriformes,Pardalotidae,NA,NA,NA,10.6,72,DIU,4.276666119016055
Parus_major,Aves,Passeriformes,Paridae,NA,NA,17.9,NA,184.8,DIU,5.2192741592075835
Passer_domesticus,Aves,Passeriformes,Passeridae,NA,NA,25.3,23.27666667,276,DIU,5.62040086571715
Passer_montanus,Aves,Passeriformes,Passeridae,NA,17.5,20.5,17.5,157.2,DIU,5.057518879995106
Passerculus_sandwichensis,Aves,Passeriformes,Passerellidae,NA,15.9,20.2,NA,216,DIU,5.375278407684165
Passerella_iliaca,Aves,Passeriformes,Passerellidae,NA,NA,35.5,31.7,123.6,DIU,4.817050545023591
Passerina_caerulea,Aves,Passeriformes,Cardinalidae,NA,NA,28.4,NA,122.4,DIU,4.807294370078226
Passerina_ciris,Aves,Passeriformes,Cardinalidae,NA,NA,14.75,NA,144,DIU,4.969813299576001
Passerina_cyanea,Aves,Passeriformes,Cardinalidae,NA,NA,15,NA,132,DIU,4.882801922586371
Pecari_tajacu,Mammalia,Artiodactyla,Tayassuidae,21133.69,20500,20200,NA,337.2,ARR,5.8206762261277
Pedetes_capensis,Mammalia,Rodentia,Pedetidae,2549.25,2300,3500,NA,207,NOC,5.332718793265369
Pelagodroma_marina,Aves,Procellariiformes,Hydrobatidae,NA,NA,NA,55,237.6,NOC,5.47058858748849
Pelecanus_occidentalis,Aves,Pelecaniformes,Pelecanidae,NA,NA,3115.8,NA,516,DIU,6.246106765481563
Pelomedusa_subrufa,Reptilia,Testudines,Pelomedusidae,NA,NA,2273,NA,241.2,DIU,5.485626464853031
Perdix_perdix,Aves,Galliformes,Phasianidae,NA,501,492,NA,62.4,DIU,4.133565275375382
Pernis_apivorus,Aves,Accipitriformes,Accipitridae,NA,652,758,NA,348,NOC,5.8522024797744745
Perognathus_amplus,Mammalia,Rodentia,Heteromyidae,11.97,NA,11.7,NA,70.8,NOC,4.259859000699674
Petaurus_breviceps,Mammalia,Diprotodontia,Petauridae,120.76,129.3,110,89.1,190.8,NOC,5.251225759014186
Petrochelidon_fulva,Aves,Passeriformes,Hirundinidae,NA,NA,20.15,NA,146.4,DIU,4.986342601527212
Petrochelidon_pyrrhonota,Aves,Passeriformes,Hirundinidae,NA,NA,23.24,NA,141.6,DIU,4.953006181259619
Petronia_petronia,Aves,Passeriformes,Passeridae,NA,NA,30.2,NA,84,DIU,4.430816798843313
Phaeognathus_hubrichti,Amphibia,Caudata,Plethodontidae,NA,NA,NA,NA,236.4,NOC,5.465525285531943
Phaethon_rubricauda,Aves,Phaethontiformes,Phaethontidae,NA,NA,593.2,696.6,392.4,DIU,5.972281727691208
Phalaropus_lobatus,Aves,Charadriiformes,Scolopacidae,NA,NA,33.8,34,154.8,DIU,5.042133961155627
Phascolarctos_cinereus,Mammalia,Diprotodontia,Phascolarctidae,6528.74,4732.4,9300,5888,252.6,NOC,5.531807209916391
Phasianus_colchicus,Aves,Galliformes,Phasianidae,NA,NA,1094.8,625,324,DIU,5.780743515792329
Phelsuma_madagascariensis,Reptilia,Squamata,Gekkonidae,NA,NA,20.7,NA,163.2,DIU,5.094976442530006
Pheucticus_ludovicianus,Aves,Passeriformes,Cardinalidae,NA,NA,47.325,NA,288,DIU,5.662960480135946
Phoca_vitulina,Mammalia,Carnivora,Phocidae,87316.66,27400,115000,NA,525.6,ARR,6.2645404671704
Phocoena_phocoena,Mammalia,Cetacea,Phocoenidae,52730.93,28500,52500,NA,212.4,ARR,5.358471289367784
Phoebastria_nigripes,Aves,Procellariiformes,Diomedeidae,NA,NA,2800,NA,505.2,ARR,6.224954390476336
Phoenicopterus_chilensis,Aves,Phoenicopteriformes,Phoenicopteridae,NA,NA,2277,NA,440.4,NOC,6.087683404848525
Phoenicurus_phoenicurus,Aves,Passeriformes,Muscicapidae,NA,NA,14.6,NA,122.4,DIU,4.807294370078226
Phrynomantis_bifasciatus,Amphibia,Anura,Microhylidae,NA,NA,NA,NA,123.6,NOC,4.817050545023591
Phyllomedusa_bicolor,Amphibia,Anura,Phyllomedusidae,NA,NA,NA,NA,123.6,NOC,4.817050545023591
Phylloscopus_collybita,Aves,Passeriformes,Phylloscopidae,NA,8.2,8.3,NA,96,DIU,4.564348191467836
Phylloscopus_trochilus,Aves,Passeriformes,Phylloscopidae,NA,10.7,8.7,NA,141.6,DIU,4.953006181259619
Physignathus_cocincinus,Reptilia,Squamata,Agamidae,NA,NA,193.42,NA,183.6,DIU,5.21275947818639
Physignathus_lesueurii,Reptilia,Squamata,Agamidae,NA,NA,NA,NA,226.8,DIU,5.4240685718535975
Picoides_tridactylus,Aves,Piciformes,Picidae,NA,NA,65.7,NA,134.4,DIU,4.900820428089049
Pipa_pipa,Amphibia,Anura,Pipidae,NA,NA,200,NA,92.4,NOC,4.526126978647638
Pipilo_chlorurus,Aves,Passeriformes,Passerellidae,NA,NA,28.88,30.25,92.4,DIU,4.526126978647638
Pipistrellus_kuhlii,Mammalia,Chiroptera,Vespertilionidae,6.07,NA,6,NA,96,NOC,4.564348191467836
Piranga_olivacea,Aves,Passeriformes,Cardinalidae,NA,NA,29,NA,142.8,DIU,4.9614450499054845
Piranga_rubra,Aves,Passeriformes,Cardinalidae,NA,NA,40,NA,94.8,DIU,4.551769409260976
Pituophis_catenifer,Reptilia,Squamata,Colubridae,NA,NA,7275.5,NA,405.6,ARR,6.005367452276974
Platysternon_megacephalum,Reptilia,Testudines,Platysternidae,NA,NA,NA,NA,324,NOC,5.780743515792329
Plectrophenax_nivalis,Aves,Passeriformes,Calcariidae,NA,NA,41.8,NA,122.4,DIU,4.807294370078226
Plethodon_cinereus,Amphibia,Caudata,Plethodontidae,NA,0.76,0.5,NA,300,NOC,5.703782474656201
Plethodon_elongatus,Amphibia,Caudata,Plethodontidae,NA,NA,NA,NA,159.6,NOC,5.072670685015709
Ploceus_cucullatus,Aves,Passeriformes,Ploceidae,NA,NA,36.2,NA,288,DIU,5.662960480135946
Podargus_strigoides,Aves,Caprimulgiformes,Podargidae,NA,NA,NA,285,214.8,NOC,5.36970736263471
Podocnemis_erythrocephala,Reptilia,Testudines,Podocnemididae,NA,NA,NA,NA,216,DIU,5.375278407684165
Podocnemis_expansa,Reptilia,Testudines,Podocnemididae,NA,NA,25800,NA,303.6,DIU,5.715711045521475
Poicephalus_robustus,Aves,Psittaciformes,Psittacidae,NA,NA,344,NA,356.4,DIU,5.876053695596654
Polioptila_caerulea,Aves,Passeriformes,Polioptilidae,NA,NA,6.5,NA,50.4,DIU,3.919991175077323
Pooecetes_gramineus,Aves,Passeriformes,Passerellidae,NA,21.5,25.7,NA,94.8,DIU,4.551769409260976
Procavia_capensis,Mammalia,Hyracoidea,Procaviidae,2952.48,2458,3600,1260,172.8,DIU,5.152134856369956
Procyon_lotor,Mammalia,Carnivora,Procyonidae,6373.72,4842.2,6000,4288.25,252,NOC,5.529429087511423
Propithecus_verreauxi,Mammalia,Primates,Indriidae,3588.26,3350,5000,NA,309.6,DIU,5.735281141715572
Pseudechis_australis,Reptilia,Squamata,Elapidae,NA,NA,8144,NA,133.2,ARR,4.891851758106289
Pseudemys_concinna,Reptilia,Testudines,Emydidae,NA,NA,2992,NA,528,DIU,6.269096283706261
Pseudis_paradoxa,Amphibia,Anura,Hylidae,NA,NA,70,NA,132,ARR,4.882801922586371
Pseudopus_apodus,Reptilia,Squamata,Anguidae,NA,NA,450,NA,648,DIU,6.473890696352274
Pseudotriton_ruber,Amphibia,Caudata,Plethodontidae,NA,NA,NA,NA,241.2,NOC,5.485626464853031
Psittacus_erithacus,Aves,Psittaciformes,Psittacidae,NA,NA,333,NA,596.4,DIU,6.390911582890583
Pterodroma_hypoleuca,Aves,Procellariiformes,Procellariidae,NA,NA,168.6,168.2,369.6,NOC,5.912421339767529
Pterodroma_sandwichensis,Aves,Procellariiformes,Procellariidae,NA,NA,434,NA,157.2,NOC,5.057518879995106
Pteropus_giganteus,Mammalia,Chiroptera,Pteropodidae,824.85,562.2,1175,374.8571429,452.4,NOC,6.114566744241966
Ptyodactylus_hasselquistii,Reptilia,Squamata,Phyllodactylidae,NA,NA,9.3,6.4,130.8,NOC,4.873669439023098
Puffinus_griseus,Aves,Procellariiformes,Procellariidae,NA,NA,740,268,408,DIU,6.0112671744041615
Pyrocephalus_rubinus,Aves,Passeriformes,Tyrannidae,NA,NA,12.87,NA,66,DIU,4.189654742026425
Pyrrhula_pyrrhula,Aves,Passeriformes,Fringillidae,NA,NA,24.4,NA,210,DIU,5.3471075307174685
Python_molurus,Reptilia,Squamata,Pythonidae,NA,12370,12370,NA,410.4,NOC,6.01713229385656
Pyxicephalus_adspersus,Amphibia,Anura,Pyxicephalidae,NA,NA,1400,NA,540,DIU,6.29156913955832
Rana_aurora,Amphibia,Anura,Ranidae,NA,NA,NA,NA,180,NOC,5.19295685089021
Rana_iberica,Amphibia,Anura,Ranidae,NA,NA,10.6,NA,96,ARR,4.564348191467836
Rana_macrocnemis,Amphibia,Anura,Ranidae,NA,NA,11.3,NA,60,NOC,4.0943445622221
Rana_temporaria,Amphibia,Anura,Ranidae,NA,NA,47.6,NA,324,NOC,5.780743515792329
Regulus_calendula,Aves,Passeriformes,Regulidae,NA,NA,6.75,NA,67.2,DIU,4.207673247529104
Regulus_regulus,Aves,Passeriformes,Regulidae,NA,5.5,5.6,NA,84,DIU,4.430816798843313
Regulus_satrapa,Aves,Passeriformes,Regulidae,NA,NA,5.5,NA,75.6,DIU,4.3254562831854875
Remiz_pendulinus,Aves,Passeriformes,Remizidae,NA,NA,9.3,NA,86.4,DIU,4.45898767581001
Rhamphiophis_oxyrhynchus,Reptilia,Squamata,Lamprophiidae,NA,NA,NA,NA,159.6,DIU,5.072670685015709
Rhinocheilus_lecontei,Reptilia,Squamata,Colubridae,NA,NA,432,NA,237.6,NOC,5.47058858748849
Rousettus_aegyptiacus,Mammalia,Chiroptera,Pteropodidae,134,146,125,130,274.8,NOC,5.616043560348194
Rupicola_rupicola,Aves,Passeriformes,Cotingidae,NA,NA,195,NA,84,DIU,4.430816798843313
Rynchops_niger,Aves,Charadriiformes,Laridae,NA,NA,315,NA,242.4,NOC,5.490589254195159
Saccostomus_campestris,Mammalia,Rodentia,Nesomyidae,50.33,68.1,47.4,NA,43.8,NOC,3.7796338173824005
Salamandra_salamandra,Amphibia,Caudata,Salamandridae,NA,19.1,19.1,NA,288,NOC,5.662960480135946
Sauromalus_ater,Reptilia,Squamata,Iguanidae,NA,NA,230.39,NA,111.6,DIU,4.71492104994721
Scaphiopus_holbrookii,Amphibia,Anura,Scaphiopodidae,NA,NA,NA,NA,147.6,NOC,4.994505912166372
Sceloporus_magister,Reptilia,Squamata,Iguanidae,NA,NA,NA,NA,70.8,DIU,4.259859000699674
Scolopax_minor,Aves,Charadriiformes,Scolopacidae,NA,156.7,197.5,NA,250.8,CRE,5.524655808758766
Selasphorus_rufus,Aves,Apodiformes,Trochilidae,NA,3.8,3.5,NA,106.8,DIU,4.6709579265260945
Senticolis_triaspis,Reptilia,Squamata,Colubridae,NA,NA,753,NA,237.6,ARR,5.47058858748849
Setophaga_ruticilla,Aves,Passeriformes,Parulidae,NA,NA,8.5,NA,121.2,DIU,4.797442073635214
Siren_intermedia,Amphibia,Caudata,Sirenidae,NA,NA,NA,NA,308.4,NOC,5.731397641689174
Sitta_canadensis,Aves,Passeriformes,Sittidae,NA,NA,11.2,10.38,90,DIU,4.499809670330265
Smicrornis_brevirostris,Aves,Passeriformes,Acanthizidae,NA,NA,NA,5.8,88.8,DIU,4.486386649998124
Smilisca_baudinii,Amphibia,Anura,Hylidae,NA,NA,NA,NA,75.6,NOC,4.3254562831854875
Smilisca_phaeota,Amphibia,Anura,Hylidae,NA,NA,NA,NA,49.2,NOC,3.8958936234982624
Solenodon_paradoxus,Mammalia,Soricomorpha,Solenodontidae,899.99,NA,1000,900,140.6,NOC,4.9459189793765646
Sorex_araneus,Mammalia,Soricomorpha,Soricidae,9.18,8.4,9,10.3,31.2,DIU,3.4404180948154366
Spea_intermontana,Amphibia,Anura,Scaphiopodidae,NA,NA,NA,NA,240,NOC,5.480638923341991
Sphecotheres_viridis,Aves,Passeriformes,Oriolidae,NA,NA,121.5,NA,216,DIU,5.375278407684165
Sphenodon_punctatus,Reptilia,Rhynchocephalia,Sphenodontidae,NA,430,430,NA,1080,NOC,6.984716320118266
Sphyrapicus_nuchalis,Aves,Piciformes,Picidae,NA,NA,48.5,NA,58.8,DIU,4.074141854904581
Sphyrapicus_ruber,Aves,Piciformes,Picidae,NA,NA,55,NA,57.6,DIU,4.053522567701846
Sphyrapicus_varius,Aves,Piciformes,Picidae,NA,NA,45,NA,93.6,DIU,4.539030383483547
Spiza_americana,Aves,Passeriformes,Cardinalidae,NA,NA,33,NA,57.6,DIU,4.053522567701846
Spizella_breweri,Aves,Passeriformes,Passerellidae,NA,NA,11,NA,74.4,DIU,4.309455941839047
Spizella_pallida,Aves,Passeriformes,Passerellidae,NA,NA,11.45,NA,82.8,DIU,4.416428061391214
Spizella_passerina,Aves,Passeriformes,Passerellidae,NA,11.9,12.2,NA,141.6,DIU,4.953006181259619
Spizella_pusilla,Aves,Passeriformes,Passerellidae,NA,NA,12.5,NA,123.6,DIU,4.817050545023591
Stellula_calliope,Aves,Apodiformes,Trochilidae,NA,3,2.6,NA,84,DIU,4.430816798843313
Sternotherus_odoratus,Reptilia,Testudines,Kinosternidae,NA,NA,137.9,NA,657.6,CRE,6.48859684374197
Strepera_graculina,Aves,Passeriformes,Cracticidae,NA,NA,NA,305.75,290.4,DIU,5.671259282950641
Streptopelia_decaocto,Aves,Columbiformes,Columbidae,NA,NA,157.4,NA,214.8,DIU,5.36970736263471
Streptopelia_turtur,Aves,Columbiformes,Columbidae,NA,154,132,NA,158.4,DIU,5.0651234793803255
Strix_aluco,Aves,Strigiformes,Strigidae,NA,NA,520,NA,268.8,NOC,5.5939676086489944
Struthidea_cinerea,Aves,Passeriformes,Corcoracidae,NA,NA,132,135,300,DIU,5.703782474656201
Sturnella_magna,Aves,Passeriformes,Icteridae,NA,NA,94.71,NA,151.2,DIU,5.018603463745433
Sturnella_neglecta,Aves,Passeriformes,Icteridae,NA,NA,85,NA,120,DIU,4.787491742782046
Sturnus_vulgaris,Aves,Passeriformes,Sturnidae,NA,75,74,57.73666667,274.8,DIU,5.616043560348194
Suricata_suricatta,Mammalia,Carnivora,Herpestidae,729.99,850,776,NA,198.6,DIU,5.291292751611072
Surnia_ulula,Aves,Strigiformes,Strigidae,NA,NA,320,NA,194.4,NOC,5.2699178920263385
Sus_scrofa,Mammalia,Artiodactyla,Suidae,84471.54,135000,130000,NA,288,DIU,5.662960480135946
Sylvia_communis,Aves,Passeriformes,Sylviidae,NA,NA,17.7,NA,108,DIU,4.68213122712422
Sylvia_curruca,Aves,Passeriformes,Sylviidae,NA,10.6,11.4,NA,108,DIU,4.68213122712422
Sylvia_nisoria,Aves,Passeriformes,Sylviidae,NA,NA,22.5,NA,142.8,DIU,4.9614450499054845
Synthliboramphus_hypoleucus,Aves,Charadriiformes,Alcidae,NA,NA,167,NA,180,NOC,5.19295685089021
Tachycineta_thalassina,Aves,Passeriformes,Hirundinidae,NA,NA,14.2,NA,109.2,DIU,4.693181063310805
Tachyglossus_aculeatus,Mammalia,Monotremata,Tachyglossidae,4499.97,2909,3500,2785,597,NOC,6.391917113392602
Tadarida_brasiliensis,Mammalia,Chiroptera,Molossidae,12.61,13.3,12.5,NA,162,NOC,5.087596335232384
Taeniopygia_guttata,Aves,Passeriformes,Estrildidae,NA,NA,12,11.85,144,DIU,4.969813299576001
Tamias_striatus,Mammalia,Rodentia,Sciuridae,NA,89.6,96,NA,114,DIU,4.736198448394496
Tarentola_mauritanica,Reptilia,Squamata,Phyllodactylidae,NA,NA,6.54,NA,168,ARR,5.123963979403259
Terrapene_ornata,Reptilia,Testudines,Emydidae,NA,NA,394.5,354,340.8,DIU,5.83129579495516
Testudo_kleinmanni,Reptilia,Testudines,Testudinidae,NA,NA,440,NA,252,DIU,5.529429087511423
Tetrao_urogallus,Aves,Galliformes,Phasianidae,NA,4010,2950,NA,216,DIU,5.375278407684165
Thamnophis_marcianus,Reptilia,Squamata,Colubridae,NA,NA,NA,NA,84,ARR,4.430816798843313
Thomomys_bottae,Mammalia,Rodentia,Geomyidae,122.7,143,115.5,NA,63.6,ARR,4.152613470346076
Thryonomys_swinderianus,Mammalia,Rodentia,Thryonomyidae,3750.85,NA,6600,NA,58.2,NOC,4.063885354737392
Timon_lepidus,Reptilia,Squamata,Lacertidae,NA,NA,99.625,NA,204,DIU,5.318119993844216
Tomistoma_schlegelii,Reptilia,Crocodilia,Gavialidae,NA,NA,119000,NA,296.4,NOC,5.6917098934219315
Toxostoma_curvirostre,Aves,Passeriformes,Mimidae,NA,NA,80.65,NA,129.6,DIU,4.864452783918174
Toxostoma_redivivum,Aves,Passeriformes,Mimidae,NA,NA,84.4,NA,82.8,DIU,4.416428061391214
Trachycephalus_venulosus,Amphibia,Anura,Hylidae,NA,NA,NA,NA,126,NOC,4.836281906951478
Tragulus_napu,Mammalia,Artiodactyla,Tragulidae,5273.67,NA,6500,NA,198.18,NOC,5.289175708630753
Trichechus_manatus,Mammalia,Sirenia,Trichechidae,467324.83,450000,322000,NA,594,ARR,6.386879319362645
Trichoglossus_chlorolepidotus,Aves,Psittaciformes,Psittacidae,NA,NA,NA,86.9,405.6,DIU,6.005367452276974
Trichoglossus_haematodus,Aves,Psittaciformes,Psittacidae,NA,NA,115.1,125,247.2,DIU,5.510197725583535
Trichosurus_vulpecula,Mammalia,Diprotodontia,Phalangeridae,2685.39,1993.5,2395,1761,183.6,NOC,5.21275947818639
Trimeresurus_gramineus,Reptilia,Squamata,Viperidae,NA,NA,NA,NA,100.8,NOC,4.613138355637268
Trionyx_triunguis,Reptilia,Testudines,Trionychidae,NA,NA,10818,NA,607.2,NOC,6.408858226081421
Triturus_marmoratus,Amphibia,Caudata,Salamandridae,NA,NA,9.8,NA,300,ARR,5.703782474656201
Troglodytes_aedon,Aves,Passeriformes,Troglodytidae,NA,NA,9.7,NA,108,DIU,4.68213122712422
Troglodytes_troglodytes,Aves,Passeriformes,Troglodytidae,NA,9,9.1,NA,84,DIU,4.430816798843313
Tropidophis_haetianus,Reptilia,Squamata,Tropidophiidae,NA,NA,NA,NA,183.6,NOC,5.21275947818639
Tupaia_minor,Mammalia,Scandentia,Tupaiidae,70,NA,58.6,NA,146.4,DIU,4.986342601527212
Tupinambis_teguixin,Reptilia,Squamata,Teiidae,NA,NA,1773.51,NA,193.2,DIU,5.263725921778417
Turdus_merula,Aves,Passeriformes,Turdidae,NA,NA,103.2,85.1,261.6,DIU,5.566816619583044
Turdus_migratorius,Aves,Passeriformes,Turdidae,NA,NA,75.5,71.205,204,DIU,5.318119993844216
Turdus_philomelos,Aves,Passeriformes,Turdidae,NA,62.8,67.8,NA,212.4,DIU,5.358471289367784
Tursiops_truncatus,Mammalia,Cetacea,Delphinidae,281040.55,NA,200000,NA,585.6,ARR,6.3726369626471016
Tyrannus_tyrannus,Aves,Passeriformes,Tyrannidae,NA,35.7,39.9,NA,133.2,DIU,4.891851758106289
Tyto_alba,Aves,Strigiformes,Tytonidae,NA,NA,580,NA,408,NOC,6.0112671744041615
Underwoodisaurus_milii,Reptilia,Squamata,Carphodactylidae,NA,NA,9.6,NA,144,NOC,4.969813299576001
Upupa_epops,Aves,Bucerotiformes,Upupidae,NA,NA,67.1,67,133.2,DIU,4.891851758106289
Vanellus_miles,Aves,Charadriiformes,Charadriidae,NA,NA,NA,334.9,166.8,ARR,5.116795489924646
Varanus_bengalensis,Reptilia,Squamata,Varanidae,NA,NA,3750,NA,134.4,DIU,4.900820428089049
Varanus_giganteus,Reptilia,Squamata,Varanidae,NA,NA,5333.4,2496,236.4,DIU,5.465525285531943
Varanus_griseus,Reptilia,Squamata,Varanidae,NA,NA,821.1,NA,204,DIU,5.318119993844216
Varanus_indicus,Reptilia,Squamata,Varanidae,NA,NA,1287,NA,208.8,DIU,5.341376856008484
Varanus_prasinus,Reptilia,Squamata,Varanidae,NA,NA,237.5,NA,170.4,DIU,5.138148614395216
Varanus_salvator,Reptilia,Squamata,Varanidae,NA,NA,4345,NA,188.4,DIU,5.238567362142263
Varanus_varius,Reptilia,Squamata,Varanidae,NA,NA,4300,NA,176.4,DIU,5.172754143572691
Vireo_griseus,Aves,Passeriformes,Vireonidae,NA,NA,12,NA,130.8,DIU,4.873669439023098
Vireo_olivaceus,Aves,Passeriformes,Vireonidae,NA,NA,17,NA,122.4,DIU,4.807294370078226
Vireo_philadelphicus,Aves,Passeriformes,Vireonidae,NA,NA,12,NA,117.6,DIU,4.767289035464526
Vombatus_ursinus,Mammalia,Diprotodontia,Vombatidae,26000,NA,25500,27192,336.6,NOC,5.8188952817567055
Xantusia_vigilis,Reptilia,Squamata,Xantusiidae,NA,NA,1.475,NA,130.8,DIU,4.873669439023098
Xenopeltis_unicolor,Reptilia,Squamata,Xenopeltidae,NA,NA,753,NA,145.2,NOC,4.978112102390695
Xenopus_laevis,Amphibia,Anura,Pipidae,NA,63.6,130,32.37,363.6,ARR,5.896054362303324
Zapus_hudsonius,Mammalia,Rodentia,Dipodidae,18.43,26.1,18,30,63.6,NOC,4.152613470346076
Zenaida_asiatica,Aves,Columbiformes,Columbidae,NA,NA,140,NA,300,DIU,5.703782474656201
Zonotrichia_albicollis,Aves,Passeriformes,Passerellidae,NA,20.2,21.1,23.6,178.8,DIU,5.186267862739414
Zonotrichia_leucophrys,Aves,Passeriformes,Passerellidae,NA,26.1,25.82,NA,159.6,DIU,5.072670685015709
Zonotrichia_querula,Aves,Passeriformes,Passerellidae,NA,33.3,33.1,NA,140.4,DIU,4.944495491591711
